country,1947,1952,1956,1957,1958,1959,1960,1961,1962,1963,1964,1965,1966,1967,1968,1969,1970,1971,1972,1973,1974,1975
aden,,,,,,,,,,,,,,,,,,,,,,
afghanistan,,,,,,,,,,,,,,,,,,,,,,
albania,,,,,,,,,,,,,,,,,,,,,,
algeria,,,,,,,,,,,,,,,,,,,,,,
angola,,,,,,,,,,,,,,,,,,,,,,
angola (see portuguese africa),,,,,,,,,,,,,,,,,,,,,,
antilles,,,,,,,,,,,,,,,,,,,,,,
antilles (netherlands),,,,,,,,,,,,,,,,,,,,,,
arabian peninsula,,,,,,,,,,,,,,,,,,,,,,
argentina,,,,,,,,,,,,,,,,,,,,,,
aruba,,,,,,,,,,,,,,,,,,,,,,
australia,,,,,,,,,,,,,,,,,,,,,,
austria,,,,,,,,,,,,,,,,,,,,,,
bahrain,,,,,,,,,,,,,,,,,,,,,,
bahrein,,,,,,,,,,,,,,,,,,,,,,
bangladesh,,,,,,,,,,,,,,,,,,,,,,
barbados,,,,,,,,,,,,,,,,,,,,,,
basutoland,,,,,,,,,,,,,,,,,,,,,,
bechuanaland,,,,,,,,,,,,,,,,,,,,,,
belgium,,,,,,,,,,,,,,,,,,,,,,
benin,,,,,,,,,,,,,,,,,,,,,,
"berlin, west",,,,,,,,,,,,,,,,,,,,,,
"berlin, west -- part of east german party",,,,,,,,,,,,,,,,,,,,,,
bolivia,,,,,,,,,,,,,,,,,,,,,,
bonaire,,,,,,,,,,,,,,,,,,,,,,
botswana,,,,,,,,,,,,,,,,,,,,,,
brazil,,,,,,,,,,,,,,,,,,,,,,
british dependencies (west. hemisphere) -- listed separately,,,,,,,,,,,,,,,,,,,,,,
british guiana,,,,,,,,,,,,,,,,,,,,,,
bulgaria,,,,,,,,,,,,,,,,,,,,,,
burkina faso,,,,,,,,,,,,,,,,,,,,,,
burma,,,,,,,,,,,,,,,,,,,,,,
burundi,,,,,,,,,,,,,,,,,,,,,,
cambodia,,,,,,,,,,,,,,,,,,,,,,
cambodia (see khmer republic),,,,,,,,,,,,,,,,,,,,,,
cameroon,,,,,,,,,,,,,,,,,,,,,,
canada,,,,,,,,,,,,,,,,,,,,,,
central african republic,,,,,,,,,,,,,,,,,,,,,,
ceylon,,,,,,,,,,,,,,,,,,,,,,
chad,,,,,,,,,,,,,,,,,,,,,,
chile,,,,,,,,,,,,,,,,,,,,,,
china,,,,,,,,,,,,,,,,,,,,,,
"china, communist",,,,,,,,,,,,,,,,,,,,,,
"china, people's republic of",,,,,,,,,,,,,,,,,,,,,,
"china, republic of",,,,,,,,,,,,,,,,,,,,,,
colombia,,,,,,,,,,,,,,,,,,,,,,
"communist china (""people's republic of china"")",,,,,,,,,,,,,,,,,,,,,,
comoro islands,,,,,,,,,,,,,,,,,,,,,,
comoros,,,,,,,,,,,,,,,,,,,,,,
congo (brazzaville),,,,,,,,,,,,,,,,,,,,,,
congo (kinshasa),,,,,,,,,,,,,,,,,,,,,,
congo (kinshasa) (see zaire),,,,,,,,,,,,,,,,,,,,,,
congo (leopoldville),,,,,,,,,,,,,,,,,,,,,,
costa rica,,,,,,,,,,,,,,,,,,,,,,
council of the entente,,,,,,,,,,,,,,,,,,,,,,
"council of the entente (see also dahomey, ivory coast, niger, togo, upper volta)",,,,,,,,,,,,,,,,,,,,,,
cuba,,,,,,,,,,,,,,,,,,,,,,
curacao,,,,,,,,,,,,,,,,,,,,,,
cyprus,,,,,,,,,,,,,,,,,,,,,,
czechoslovakia,,,,,,,,,,,,,,,,,,,,,,
dahomey,,,,,,,,,,,,,,,,,,,,,,
dahomey (see council of the entente),,,,,,,,,,,,,,,,,,,,,,
democratic people's republic of korea,,,,,,,,,,,,,,,,,,,,,,
democratic republic of the congo,,,,,,,,,,,,,,,,,,,,,,
democratic republic of vietnam (north vietnam),,,,,,,,,,,,,,,,,,,,,,
denmark,,,,,,,,,,,,,,,,,,,,,,
djibouti,,,,,,,,,,,,,,,,,,,,,,
dominican republic,,,,,,,,,,,,,,,,,,,,,,
east germany,,,,,,,,,,,,,,,,,,,,,,
ecuador,,,,,,,,,,,,,,,,,,,,,,
egypt,,,,,,,,,,,,,,,,,,,,,,
egypt (see uar),,,,,,,,,,,,,,,,,,,,,,
el salvador,,,,,,,,,,,,,,,,,,,,,,
equatorial guinea,,,,,,,,,,,,,,,,,,,,,,
ethiopia,,,,,,,,,,,,,,,,,,,,,,
federal republic of germany,,,,,,,,,,,,,,,,,,,,,,
federation of malaya,,,,,,,,,,,,,,,,,,,,,,
federation of rhodesia and nyasaland,,,,,,,,,,,,,,,,,,,,,,
fernando po,,,,,,,,,,,,,,,,,,,,,,
fernando po (guinea equatorial),,,,,,,,,,,,,,,,,,,,,,
fernando po (see spanish africa),,,,,,,,,,,,,,,,,,,,,,
finland,,,,,,,,,,,,,,,,,,,,,,
france,,,,,,,,,,,,,,,,,,,,,,
french guiana,,,,,,,,,,,,,,,,,,,,,,
"french overseas departments (see guiana, french; guadeloupe; martinique)",,,,,,,,,,,,,,,,,,,,,,
french overseas departments listed separately,,,,,,,,,,,,,,,,,,,,,,
french overseas departments listed separately (west. hemisphere),,,,,,,,,,,,,,,,,,,,,,
french somaliland,,,,,,,,,,,,,,,,,,,,,,
french territory of the afars and issas (ftai),,,,,,,,,,,,,,,,,,,,,,
gabon,,,,,,,,,,,,,,,,,,,,,,
gambia,,,,,,,,,,,,,,,,,,,,,,
gambia (british colony and protectorate),,,,,,,,,,,,,,,,,,,,,,
german democratic republic,,,,,,,,,,,,,,,,,,,,,,
germany (combined),,,,,,,,,,,,,,,,,,,,,,
germany (federal republic of germany),,,,,,,,,,,,,,,,,,,,,,
germany (german democratic republic and east berlin),,,,,,,,,,,,,,,,,,,,,,
germany (west berlin),,,,,,,,,,,,,,,,,,,,,,
"germany, east",,,,,,,,,,,,,,,,,,,,,,
"germany, federal republic of",,,,,,,,,,,,,,,,,,,,,,
"germany, west",,,,,,,,,,,,,,,,,,,,,,
ghana,,,,,,,,,,,,,,,,,,,,,,
great britain,,,,,,,,,,,,,,,,,,,,,,
greece,,,,,,,,,,,,,,,,,,,,,,
guadeloupe,,,,,,,,,,,,,,,,,,,,,,
guatemala,,,,,,,,,,,,,,,,,,,,,,
"guiana, british",,,,,,,,,,,,,,,,,,,,,,
"guiana, french",,,,,,,,,,,,,,,,,,,,,,
guinea,,,,,,,,,,,,,,,,,,,,,,
"guinea, equatorial",,,,,,,,,,,,,,,,,,,,,,
"guinea, equatorial (see spanish africa)",,,,,,,,,,,,,,,,,,,,,,
"guinea, portuguese",,,,,,,,,,,,,,,,,,,,,,
"guinea, portuguese (see portuguese africa)",,,,,,,,,,,,,,,,,,,,,,
guinea-bissau,,,,,,,,,,,,,,,,,,,,,,
guyana,,,,,,,,,,,,,,,,,,,,,,
haiti,,,,,,,,,,,,,,,,,,,,,,
honduras,,,,,,,,,,,,,,,,,,,,,,
hong kong,,,,,,,,,,,,,,,,,,,,,,
hungary,,,,,,,,,,,,,,,,,,,,,,
iceland,,,,,,,,,,,,,,,,,,,,,,
ifni,,,,,,,,,,,,,,,,,,,,,,
ifni (see spanish africa),,,,,,,,,,,,,,,,,,,,,,
india,,,,,,,,,,,,,,,,,,,,,,
indonesia,,,,,,,,,,,,,,,,,,,,,,
iran,,,,,,,,,,,,,,,,,,,,,,
iraq,,,,,,,,,,,,,,,,,,,,,,
ireland,,,,,,,,,,,,,,,,,,,,,,
israel,,,,,,,,,,,,,,,,,,,,,,
italy,,,,,,,,,,,,,,,,,,,,,,
ivory coast,,,,,,,,,,,,,,,,,,,,,,
jamaica,,,,,,,,,,,,,,,,,,,,,,
japan,,,,,,,,,,,,,,,,,,,,,,
jordan,,,,,,,,,,,,,,,,,,,,,,
kenya,,,,,,,,,,,,,,,,,,,,,,
khmer republic (cambodia),,,,,,,,,,,,,,,,,,,,,,
"korea, north",,,,,,,,,,,,,,,,,,,,,,
"korea, south",,,,,,,,,,,,,,,,,,,,,,
kuwait,,,,,,,,,,,,,,,,,,,,,,
laos,,,,,,,,,,,,,,,,,,,,,,
lebanon,,,,,,,,,,,,,,,,,,,,,,
lesotho,,,,,,,,,,,,,,,,,,,,,,
lesotho (see botswana),,,,,,,,,,,,,,,,,,,,,,
leward islands,,,,,,,,,,,,,,,,,,,,,,
liberia,,,,,,,,,,,,,,,,,,,,,,
libya,,,,,,,,,,,,,,,,,,,,,,
luxembourg,,,,,,,,,,,,,,,,,,,,,,
madagascar,,,,,,,,,,,,,,,,,,,,,,
malagasy,,,,,,,,,,,,,,,,,,,,,,
malagasy republic,,,,,,,,,,,,,,,,,,,,,,
malagasy republic (madagascar),,,,,,,,,,,,,,,,,,,,,,
malawi,,,,,,,,,,,,,,,,,,,,,,
malaysia,,,,,,,,,,,,,,,,,,,,,,
maldive islands,,,,,,,,,,,,,,,,,,,,,,
maldives,,,,,,,,,,,,,,,,,,,,,,
mali,,,,,,,,,,,,,,,,,,,,,,
malta,,,,,,,,,,,,,,,,,,,,,,
martinique,,,,,,,,,,,,,,,,,,,,,,
mauritania,,,,,,,,,,,,,,,,,,,,,,
mauritius,,,,,,,,,,,,,,,,,,,,,,
mauritius (british colony),,,,,,,,,,,,,,,,,,,,,,
mexico,,,,,,,,,,,,,,,,,,,,,,
mongolia,,,,,,,,,,,,,,,,,,,,,,
"mongolia, outer",,,,,,,,,,,,,,,,,,,,,,
mongolian people's republic,,,,,,,,,,,,,,,,,,,,,,
morocco,,,,,,,,,,,,,,,,,,,,,,
mozambique,,,,,,,,,,,,,,,,,,,,,,
mozambique (see portuguese africa),,,,,,,,,,,,,,,,,,,,,,
namibia,,,,,,,,,,,,,,,,,,,,,,
namibia (south west africa),,,,,,,,,,,,,,,,,,,,,,
nepal,,,,,,,,,,,,,,,,,,,,,,
netherlands,,,,,,,,,,,,,,,,,,,,,,
netherlands possessions (west. hemisphere),,,,,,,,,,,,,,,,,,,,,,
netherlands realm members (western hemisphere) listed separately,,,,,,,,,,,,,,,,,,,,,,
new zealand,,,,,,,,,,,,,,,,,,,,,,
nicaragua,,,,,,,,,,,,,,,,,,,,,,
niger,,,,,,,,,,,,,,,,,,,,,,
niger (see council of the entente),,,,,,,,,,,,,,,,,,,,,,
nigeria,,,,,,,,,,,,,,,,,,,,,,
north korea,,,,,,,,,,,,,,,,,,,,,,
"north korea (""democratic people's republic of korea"")",,,,,,,,,,,,,,,,,,,,,,
north vietnam,,,,,,,,,,,,,,,,,,,,,,
"north vietnam (""democratic republic of vietnam"")",,,,,,,,,,,,,,,,,,,,,,
north yemen,,,,,,,,,,,,,,,,,,,,,,
northern rhodesia,,,,,,,,,,,,,,,,,,,,,,
norway,,,,,,,,,,,,,,,,,,,,,,
nyasaland,,,,,,,,,,,,,,,,,,,,,,
"outer mongolia (""mongolian people's republic"")",,,,,,,,,,,,,,,,,,,,,,
pakistan,,,,,,,,,,,,,,,,,,,,,,
palestine,,,,,,,,,,,,,,,,,,,,,,
panama,,,,,,,,,,,,,,,,,,,,,,
paraguay,,,,,,,,,,,,,,,,,,,,,,
people's democratic republic of korea,,,,,,,,,,,,,,,,,,,,,,
people's democratic republic of yemen,,,,,,,,,,,,,,,,,,,,,,
peoples republic of south yemen,,,,,,,,,,,,,,,,,,,,,,
persian gulf states,,,,,,,,,,,,,,,,,,,,,,
peru,,,,,,,,,,,,,,,,,,,,,,
philippines,,,,,,,,,,,,,,,,,,,,,,
poland,,,,,,,,,,,,,,,,,,,,,,
portugal,,,,,,,,,,,,,,,,,,,,,,
portuguese africa,,,,,,,,,,,,,,,,,,,,,,
"portuguese africa (angola, mozambique, and portuguese guinea)",,,,,,,,,,,,,,,,,,,,,,
puerto rico,,,,,,,,,,,,,,,,,,,,,,
qatar,,,,,,,,,,,,,,,,,,,,,,
republic of china,,,,,,,,,,,,,,,,,,,,,,
republic of congo (brazzaville),,,,,,,,,,,,,,,,,,,,,,
republic of korea (south korea),,,,,,,,,,,,,,,,,,,,,,
republic of rwanda/kingdom of burundi,,,,,,,,,,,,,,,,,,,,,,
republic of south africa,,,,,,,,,,,,,,,,,,,,,,
republic of the congo,,,,,,,,,,,,,,,,,,,,,,
republic of the congo (leopoldville),,,,,,,,,,,,,,,,,,,,,,
republic of vietnam (south vietnam),,,,,,,,,,,,,,,,,,,,,,
reunion,,,,,,,,,,,,,,,,,,,,,,
rio muni,,,,,,,,,,,,,,,,,,,,,,
rio muni (see spanish africa),,,,,,,,,,,,,,,,,,,,,,
romania,,,,,,,,,,,,,,,,,,,,,,
rumania,,,,,,,,,,,,,,,,,,,,,,
rwanda,,,,,,,,,,,,,,,,,,,,,,
san marino,,,,,,,,,,,,,,,,,,,,,,
san marino -- part of italian party,,,,,,,,,,,,,,,,,,,,,,
saudi arabia,,,,,,,,,,,,,,,,,,,,,,
senegal,,,,,,,,,,,,,,,,,,,,,,
seychelles,,,,,,,,,,,,,,,,,,,,,,
sierra leone,,,,,,,,,,,,,,,,,,,,,,
singapore,,,,,,,,,,,,,,,,,,,,,,
somali republic,,,,,,,,,,,,,,,,,,,,,,
somalia,,,,,,,,,,,,,,,,,,,,,,
south africa,,,,,,,,,,,,,,,,,,,,,,
south korea,,,,,,,,,,,,,,,,,,,,,,
south vietnam,,,,,,,,,,,,,,,,,,,,,,
south west africa,,,,,,,,,,,,,,,,,,,,,,
south west africa (see namibia),,,,,,,,,,,,,,,,,,,,,,
south yemen,,,,,,,,,,,,,,,,,,,,,,
southern rhodesia,,,,,,,,,,,,,,,,,,,,,,
spain,,,,,,,,,,,,,,,,,,,,,,
spanish africa,,,,,,,,,,,,,,,,,,,,,,
"spanish africa (spanish sahara, ifni, rio muni, fernando po)",,,,,,,,,,,,,,,,,,,,,,
spanish sahara,,,,,,,,,,,,,,,,,,,,,,
sri lanka,,,,,,,,,,,,,,,,,,,,,,
sri lanka (ceylon),,,,,,,,,,,,,,,,,,,,,,
sudan,,,,,,,,,,,,,,,,,,,,,,
surinam,,,,,,,,,,,,,,,,,,,,,,
suriname,,,,,,,,,,,,,,,,,,,,,,
swaziland,,,,,,,,,,,,,,,,,,,,,,
swaziland (see botswana),,,,,,,,,,,,,,,,,,,,,,
sweden,,,,,,,,,,,,,,,,,,,,,,
switzerland,,,,,,,,,,,,,,,,,,,,,,
syria,,,,,,,,,,,,,,,,,,,,,,
taiwan,,,,,,,,,,,,,,,,,,,,,,
tanganyika,,,,,,,,,,,,,,,,,,,,,,
tanzania,,,,,,,,,,,,,,,,,,,,,,
thailand,,,,,,,,,,,,,,,,,,,,,,
the gambia,,,,,,,,,,,,,,,,,,,,,,
the netherlands,,,,,,,,,,,,,,,,,,,,,,
the peoples republic of south yemen (see arabian peninsula),,,,,,,,,,,,,,,,,,,,,,
the west indies,,,,,,,,,,,,,,,,,,,,,,
the yemen,,,,,,,,,,,,,,,,,,,,,,
togo,,,,,,,,,,,,,,,,,,,,,,
togo (see council of the entente),,,,,,,,,,,,,,,,,,,,,,
total,,,,,,,,,,,,,,,,,,,,,,
trinidad,,,,,,,,,,,,,,,,,,,,,,
trinidad & tobago,,,,,,,,,,,,,,,,,,,,,,
trinidad and tobago,,,,,,,,,,,,,,,,,,,,,,
tunisia,,,,,,,,,,,,,,,,,,,,,,
turkey,,,,,,,,,,,,,,,,,,,,,,
uganda,,,,,,,,,,,,,,,,,,,,,,
uk,,,,,,,,,,,,,,,,,,,,,,
united arab emirates,,,,,,,,,,,,,,,,,,,,,,
united arab republic,,,,,,,,,,,,,,,,,,,,,,
upper volta,,,,,,,,,,,,,,,,,,,,,,
uruguay,,,,,,,,,,,,,,,,,,,,,,
usa,,,,,,,,,,,,,,,,,,,,,,
ussr,,,,,,,,,,,,,,,,,,,,,,
venezuela,,,,,,,,,,,,,,,,,,,,,,
"vietnam, north",,,,,,,,,,,,,,,,,,,,,,
"vietnam, republic of",,,,,,,,,,,,,,,,,,,,,,
"vietnam, south",,,,,,,,,,,,,,,,,,,,,,
west berlin,,,,,,,,,,,,,,,,,,,,,,
west germany,,,,,,,,,,,,,,,,,,,,,,
west indies (british),,,,,,,,,,,,,,,,,,,,,,
west indies (netherlands),,,,,,,,,,,,,,,,,,,,,,
windward islands,,,,,,,,,,,,,,,,,,,,,,
yemen,,,,,,,,,,,,,,,,,,,,,,
yugoslavia,,,,,,,,,,,,,,,,,,,,,,
zaire,,,,,,,,,,,,,,,,,,,,,,
zambia,,,,,,,,,,,,,,,,,,,,,,
zanzibar,,,,,,,,,,,,,,,,,,,,,,
zanzibar (british protectorate),,,,,,,,,,,,,,,,,,,,,,
